id,first_name,last_name,email,gender,phone,Channel,Fresh,Milk,Grocery,Frozen,Detergents_Paper,Delicassen,Region
1,Chas,Rollett,crollett0@icq.com,Male,625-741-0213,2,12669,9656,7561,214,2674,1338,3
2,Rockie,Cheney,rcheney1@delicious.com,Male,233-712-5425,2,7057,9810,9568,1762,3293,1776,3
3,Gretel,Pole,gpole2@elpais.com,Female,514-912-5355,2,6353,8808,7684,2405,3516,7844,3
4,Bertine,Scogings,bscogings3@bizjournals.com,Female,622-446-1554,1,13265,1196,4221,6404,507,1788,3
5,Leonid,Shortcliffe,lshortcliffe4@ted.com,Male,384-201-2900,2,22615,5410,7198,3915,1777,5185,3
6,Luci,Salzberger,lsalzberger5@themeforest.net,Female,915-928-9299,2,9413,8259,5126,666,1795,1451,3
7,Hermann,McKinnon,hmckinnon6@wix.com,Male,521-918-4394,2,12126,3199,6975,480,3140,545,3
8,Coral,Spurrett,cspurrett7@skyrock.com,Female,410-599-2114,2,7579,4956,9426,1669,3321,2566,3
9,Ninnette,Kollas,nkollas8@icio.us,Female,238-483-0331,1,5963,3648,6192,425,1716,750,3
10,Tremayne,Garter,tgarter9@deliciousdays.com,Male,548-853-4487,2,6006,11093,18881,1159,7425,2098,3
11,Bethanne,Rickerd,brickerda@google.com,Genderfluid,633-184-6948,2,3366,5403,12974,4400,5977,1744,3
12,Sigfrid,Ferre,sferreb@drupal.org,Male,804-337-6815,2,13146,1124,4523,1420,549,497,3
13,Alden,Pickin,apickinc@cbsnews.com,Male,820-204-4458,2,31714,12319,11757,287,3881,2931,3
14,Porter,Newitt,pnewittd@ifeng.com,Male,513-706-7648,2,21217,6208,14982,3095,6707,602,3
15,Emeline,Gon,egone@redcross.org,Female,109-865-1635,2,24653,9465,12091,294,5058,2168,3
16,Uriel,Eddies,ueddiesf@parallels.com,Male,381-971-5880,1,10253,1114,3821,397,964,412,3
17,Uta,Amorine,uamorineg@twitpic.com,Non-binary,895-466-7010,2,1020,8816,12121,134,4508,1080,3
18,Alameda,Alldridge,aalldridgeh@list-manage.com,Female,831-808-3614,1,5876,6157,2933,839,370,4478,3
19,Marlon,Roantree,mroantreei@wix.com,Male,317-653-3129,2,18601,6327,10099,2205,2767,3181,3
20,Ogden,Ivanisov,oivanisovj@wsj.com,Male,554-821-4524,1,7780,2495,9464,669,2518,501,3
21,Elliott,Attersoll,eattersollk@netvibes.com,Male,854-234-2710,2,17546,4519,4602,1066,2259,2124,3
22,Skell,Wilsdon,swilsdonl@indiegogo.com,Male,514-197-0541,1,5567,871,2010,3383,375,569,3
23,Cyrill,Compford,ccompfordm@mapquest.com,Male,585-601-9212,1,31276,1917,4469,9408,2381,4334,3
24,Becki,O'Hagan,bohagann@technorati.com,Female,916-179-5903,2,26373,36423,22019,5154,4337,16523,3
25,Minny,Trunkfield,mtrunkfieldo@blinklist.com,Female,861-743-6123,2,22647,9776,13792,2915,4482,5778,3
26,Antonina,Shobbrook,ashobbrookp@guardian.co.uk,Female,367-192-6059,2,16165,4230,7595,201,4003,57,3
27,Alaster,Beddoes,abeddoesq@skype.com,Male,898-876-1188,1,9898,961,2861,3151,242,833,3
28,Julissa,Hayen,jhayenr@wisc.edu,Female,163-196-7917,1,14276,803,3045,485,100,518,3
29,Garey,Reville,grevilles@tmall.com,Male,304-915-6163,2,4113,20484,25957,1158,8604,5206,3
30,Marysa,Bleue,mbleuet@gov.uk,Female,709-748-9528,1,43088,2100,2609,1200,1107,823,3
31,Sabrina,Ede,sedeu@ameblo.jp,Female,734-736-0930,1,18815,3610,11107,1148,2134,2963,3
32,Loretta,Frame,lframev@oaic.gov.au,Female,681-886-7066,1,2612,4339,3133,2088,820,985,3
33,Reine,Meere,rmeerew@msu.edu,Female,715-106-8499,1,21632,1318,2886,266,918,405,3
34,Loralyn,Treend,ltreendx@wiley.com,Female,575-973-8515,1,29729,4786,7326,6130,361,1083,3
35,Kit,Pounder,kpoundery@ca.gov,Male,266-162-8389,1,1502,1979,2262,425,483,395,3
36,Dorena,Hearle,dhearlez@archive.org,Female,794-641-5484,2,688,5491,11091,833,4239,436,3
37,Consuela,Edess,cedess10@epa.gov,Female,307-570-9821,1,29955,4362,5428,1729,862,4626,3
38,Jess,Steeples,jsteeples11@ning.com,Genderqueer,225-657-8896,2,15168,10556,12477,1920,6506,714,3
39,Pegeen,Strodder,pstrodder12@fema.gov,Female,726-916-3934,2,4591,15729,16709,33,6956,433,3
40,Gloriana,Jude,gjude13@gizmodo.com,Female,955-126-3398,1,56159,555,902,10002,212,2916,3
41,Sharona,Gentreau,sgentreau14@parallels.com,Non-binary,530-461-9043,1,24025,4332,4757,9510,1145,5864,3
42,Robenia,Meade,rmeade15@dedecms.com,Female,230-440-5775,1,19176,3065,5956,2033,2575,2802,3
43,Kirby,Tatnell,ktatnell16@newyorker.com,Female,748-918-0657,2,10850,7555,14961,188,6899,46,3
44,Orazio,Basire,obasire17@intel.com,Male,150-253-4471,2,630,11095,23998,787,9529,72,3
45,Nikolaus,Stocky,nstocky18@phpbb.com,Male,646-336-5525,2,9670,7027,10471,541,4618,65,3
46,Keely,Eslie,keslie19@cargocollective.com,Female,498-546-3930,2,5181,22044,21531,1740,7353,4985,3
47,Gerick,Scorer,gscorer1a@cam.ac.uk,Male,651-551-5744,2,3103,14069,21955,1668,6792,1452,3
48,Charlot,Fieller,cfieller1b@ucoz.ru,Female,831-843-9241,2,44466,54259,55571,7782,24171,6465,3
49,Bert,Amberson,bamberson1c@un.org,Female,638-680-6595,2,11519,6152,10868,584,5121,1476,3
50,Marketa,Hucke,mhucke1d@yahoo.co.jp,Female,362-772-9548,2,4967,21412,28921,1798,13583,1163,3
51,Russell,Woodruffe,rwoodruffe1e@google.com.hk,Male,180-659-3328,1,6269,1095,1980,3860,609,2162,3
52,Valentine,Camblin,vcamblin1f@godaddy.com,Male,206-979-8428,1,3347,4051,6996,239,1538,301,3
53,Danie,Sibthorpe,dsibthorpe1g@tinypic.com,Male,274-573-3932,2,40721,3916,5876,532,2587,1278,3
54,Rhody,Guyver,rguyver1h@rambler.ru,Female,613-516-8031,2,491,10473,11532,744,5611,224,3
55,Merill,Russ,mruss1i@shop-pro.jp,Male,134-497-4954,1,27329,1449,1947,2436,204,1333,3
56,Cele,Dempster,cdempster1j@usnews.com,Genderfluid,584-629-5437,1,5264,3683,5005,1057,2024,1130,3
57,Danny,Duigenan,dduigenan1k@mozilla.com,Male,149-133-0268,2,4098,29892,26866,2616,17740,1340,3
58,Leo,Reside,lreside1l@ted.com,Male,709-775-3564,2,5417,9933,10487,38,7572,1282,3
59,Tades,Pendred,tpendred1m@go.com,Male,733-566-5523,1,13779,1970,1648,596,227,436,3
60,Sindee,Bentick,sbentick1n@ftc.gov,Female,662-937-1214,1,6137,5360,8040,129,3084,1603,3
61,Billy,Ashman,bashman1o@house.gov,Male,591-489-8558,2,8590,3045,7854,96,4095,225,3
62,Marius,Chominski,mchominski1p@miibeian.gov.cn,Male,702-996-1198,2,35942,38369,59598,3254,26701,2017,3
63,Paulie,Caselick,pcaselick1q@tinyurl.com,Female,696-668-0993,2,7823,6245,6544,4154,4074,964,3
64,Jesse,Smeall,jsmeall1r@fc2.com,Non-binary,341-684-7406,2,9396,11601,15775,2896,7677,1295,3
65,Kenny,Pelerin,kpelerin1s@freewebs.com,Male,443-504-6210,1,4760,1227,3250,3724,1247,1145,3
66,Phebe,Vallentin,pvallentin1t@webs.com,Female,185-190-9558,2,85,20959,45828,36,24231,1423,3
67,Marabel,Roddan,mroddan1u@slideshare.net,Female,588-495-8331,1,9,1534,7417,175,3468,27,3
68,Griffith,Suero,gsuero1v@addthis.com,Male,568-600-1017,2,19913,6759,13462,1256,5141,834,3
69,Errol,Hagger,ehagger1w@issuu.com,Male,754-688-1513,1,2446,7260,3993,5870,788,3095,3
70,Midge,Lindenboim,mlindenboim1x@usatoday.com,Genderqueer,552-353-2618,1,8352,2820,1293,779,656,144,3
71,Euphemia,Harnes,eharnes1y@sourceforge.net,Female,201-143-1850,1,16705,2037,3202,10643,116,1365,3
72,Stephana,Andreaccio,sandreaccio1z@google.de,Female,631-640-4730,1,18291,1266,21042,5373,4173,14472,3
73,Dede,Liddington,dliddington20@twitter.com,Female,832-106-2610,1,4420,5139,2661,8872,1321,181,3
74,Arne,Facer,afacer21@qq.com,Male,117-919-7572,2,19899,5332,8713,8132,764,648,3
75,Corbett,Markussen,cmarkussen22@over-blog.com,Male,560-369-9790,2,8190,6343,9794,1285,1901,1780,3
76,Leonora,Gilks,lgilks23@t.co,Female,289-507-1601,1,20398,1137,3,4407,3,975,3
77,Barbabas,Longmaid,blongmaid24@state.gov,Male,258-500-8897,1,717,3587,6532,7530,529,894,3
78,Deidre,Bass,dbass25@miitbeian.gov.cn,Female,305-309-2416,2,12205,12697,28540,869,12034,1009,3
79,Stormi,Ffrench,sffrench26@tripadvisor.com,Female,524-119-3566,1,10766,1175,2067,2096,301,167,3
80,Marylin,Baynon,mbaynon27@linkedin.com,Female,776-751-5907,1,1640,3259,3655,868,1202,1653,3
81,Dannie,Brideau,dbrideau28@answers.com,Female,851-564-2748,1,7005,829,3009,430,610,529,3
82,Trumann,Posten,tposten29@drupal.org,Male,964-777-5514,2,219,9540,14403,283,7818,156,3
83,Madella,Skone,mskone2a@cbc.ca,Female,509-506-6087,2,10362,9232,11009,737,3537,2342,3
84,Bary,Quade,bquade2b@comsenz.com,Male,286-239-5496,1,20874,1563,1783,2320,550,772,3
85,Herman,Broomhall,hbroomhall2c@bbb.org,Male,123-771-1816,2,11867,3327,4814,1178,3837,120,3
86,Ebeneser,Piatto,epiatto2d@lycos.com,Male,113-710-2101,2,16117,46197,92780,1026,40827,2944,3
87,Eziechiele,Mattiello,emattiello2e@soup.io,Male,455-460-5788,2,22925,73498,32114,987,20070,903,3
88,Taffy,Dandie,tdandie2f@mysql.com,Female,373-378-5593,1,43265,5025,8117,6312,1579,14351,3
89,Arnoldo,Stebbings,astebbings2g@va.gov,Male,713-124-5575,1,7864,542,4042,9735,165,46,3
90,Nelle,Woolley,nwoolley2h@google.ca,Female,286-471-2371,1,24904,3836,5330,3443,454,3178,3
91,Harlan,Darcy,hdarcy2i@mediafire.com,Male,759-552-8044,1,11405,596,1638,3347,69,360,3
92,Cymbre,Haliburton,chaliburton2j@nih.gov,Female,790-579-5792,1,12754,2762,2530,8693,627,1117,3
93,Danielle,Coche,dcoche2k@bbc.co.uk,Female,643-672-1341,2,9198,27472,32034,3232,18906,5130,3
94,Sharyl,Branch,sbranch2l@unc.edu,Female,536-195-2817,1,11314,3090,2062,35009,71,2698,3
95,Duky,Gianiello,dgianiello2m@liveinternet.ru,Male,261-737-3435,2,5626,12220,11323,206,5038,244,3
96,Tiena,Bikker,tbikker2n@illinois.edu,Female,964-810-2382,1,3,2920,6252,440,223,709,3
97,Cathie,Bolens,cbolens2o@indiatimes.com,Female,119-112-3574,2,23,2616,8118,145,3874,217,3
98,Ave,Voss,avoss2p@newyorker.com,Male,548-126-7439,1,403,254,610,774,54,63,3
99,Dudley,Pardue,dpardue2q@deviantart.com,Male,730-469-3026,1,503,112,778,895,56,132,3
100,Nevin,Renowden,nrenowden2r@histats.com,Male,510-791-4138,1,9658,2182,1909,5639,215,323,3
101,Gav,Gonsalvo,ggonsalvo2s@china.com.cn,Male,245-625-4714,2,11594,7779,12144,3252,8035,3029,3
102,Humfried,Biddell,hbiddell2t@redcross.org,Male,155-165-3059,2,1420,10810,16267,1593,6766,1838,3
103,Terrye,Wallbank,twallbank2u@github.com,Female,531-150-7734,2,2932,6459,7677,2561,4573,1386,3
104,Brietta,Colecrough,bcolecrough2v@wikispaces.com,Female,492-590-9441,1,56082,3504,8906,18028,1480,2498,3
105,Lonni,Fausset,lfausset2w@ameblo.jp,Female,316-176-4538,1,14100,2132,3445,1336,1491,548,3
106,Giacopo,Clarkin,gclarkin2x@merriam-webster.com,Genderqueer,519-206-3783,1,15587,1014,3970,910,139,1378,3
107,Suzanna,Philippou,sphilippou2y@livejournal.com,Female,753-288-0917,2,1454,6337,10704,133,6830,1831,3
108,Vivia,Worstall,vworstall2z@cbslocal.com,Female,246-655-7123,2,8797,10646,14886,2471,8969,1438,3
109,Jeanie,Shrubb,jshrubb30@redcross.org,Female,360-783-6228,2,1531,8397,6981,247,2505,1236,3
110,Westbrooke,Peart,wpeart31@digg.com,Male,699-986-2998,2,1406,16729,28986,673,836,3,3
111,Darryl,McGahy,dmcgahy32@engadget.com,Genderqueer,724-818-7797,1,11818,1648,1694,2276,169,1647,3
112,Florie,Auten,fauten33@oaic.gov.au,Female,461-502-8732,2,12579,11114,17569,805,6457,1519,3
113,Shanan,Kurdani,skurdani34@sogou.com,Male,296-905-3822,1,19046,2770,2469,8853,483,2708,3
114,Hazel,Frye,hfrye35@upenn.edu,Male,944-835-5796,1,14438,2295,1733,3220,585,1561,3
115,Tilda,McLaverty,tmclaverty36@fema.gov,Female,309-233-5298,1,18044,1080,2000,2555,118,1266,3
116,Cyril,Ludy,cludy37@jalbum.net,Male,280-561-6839,1,11134,793,2988,2715,276,610,3
117,Timmie,Plaunch,tplaunch38@barnesandnoble.com,Bigender,180-923-8496,1,11173,2521,3355,1517,310,222,3
118,Cherry,Thornewill,cthornewill39@bigcartel.com,Female,943-198-6565,1,6990,3880,5380,1647,319,1160,3
119,Zola,MacUchadair,zmacuchadair3a@wp.com,Genderfluid,725-622-9351,1,20049,1891,2362,5343,411,933,3
120,Clyve,Koppeck,ckoppeck3b@arizona.edu,Male,734-238-3593,1,8258,2344,2147,3896,266,635,3
121,Jody,Dunsford,jdunsford3c@eepurl.com,Male,178-373-0978,1,17160,1200,3412,2417,174,1136,3
122,Pet,O'Hare,pohare3d@intel.com,Female,487-425-9677,1,4020,3234,1498,2395,264,255,3
123,Sallyanne,Pashen,spashen3e@topsy.com,Female,811-446-1403,1,12212,201,245,1991,25,860,3
124,Andonis,Malletratt,amalletratt3f@amazonaws.com,Male,854-678-0365,2,11170,10769,8814,2194,1976,143,3
125,Bert,Wooton,bwooton3g@wix.com,Bigender,804-615-4205,1,36050,1642,2961,4787,500,1621,3
126,Arel,Lippini,alippini3h@meetup.com,Male,231-899-3364,1,76237,3473,7102,16538,778,918,3
127,Tamma,Eayres,teayres3i@ibm.com,Female,155-198-3784,1,19219,1840,1658,8195,349,483,3
128,Tremain,Louys,tlouys3j@boston.com,Male,889-532-5049,2,21465,7243,10685,880,2386,2749,3
129,Karia,Sapey,ksapey3k@google.pl,Female,915-511-4957,1,140,8847,3823,142,1062,3,3
130,Stefa,Considine,sconsidine3l@printfriendly.com,Female,492-154-3912,1,42312,926,1510,1718,410,1819,3
131,Randolf,Woodnutt,rwoodnutt3m@sohu.com,Male,626-162-8921,1,7149,2428,699,6316,395,911,3
132,Ivory,Patron,ipatron3n@wp.com,Female,118-471-1263,1,2101,589,314,346,70,310,3
133,Ardelis,Munehay,amunehay3o@cloudflare.com,Female,614-444-9810,1,14903,2032,2479,576,955,328,3
134,Cob,Abbett,cabbett3p@phpbb.com,Male,398-597-0064,1,9434,1042,1235,436,256,396,3
135,Datha,Varty,dvarty3q@wiley.com,Female,241-950-3416,1,7388,1882,2174,720,47,537,3
136,Micky,Chappelle,mchappelle3r@sbwire.com,Male,298-972-2634,1,6300,1289,2591,1170,199,326,3
137,Caspar,Worsalls,cworsalls3s@shinystat.com,Male,803-947-8764,1,4625,8579,7030,4575,2447,1542,3
138,Gerry,Cummine,gcummine3t@google.fr,Female,916-689-3912,1,3087,8080,8282,661,721,36,3
139,Aliza,O'Hannigan,aohannigan3u@multiply.com,Female,836-647-9789,1,13537,4257,5034,155,249,3271,3
140,Kelsey,Vero,kvero3v@blogtalkradio.com,Male,968-769-8380,1,5387,4979,3343,825,637,929,3
141,Adelaide,Brombell,abrombell3w@wikia.com,Female,698-707-4996,1,17623,4280,7305,2279,960,2616,3
142,Cecilla,Dible,cdible3x@miibeian.gov.cn,Female,275-274-1930,1,30379,13252,5189,321,51,1450,3
143,Nariko,Wellbelove,nwellbelove3y@va.gov,Female,553-474-9625,1,37036,7152,8253,2995,20,3,3
144,Ellary,Barendtsen,ebarendtsen3z@zdnet.com,Male,993-837-8633,1,10405,1596,1096,8425,399,318,3
145,Kleon,Ozelton,kozelton40@unicef.org,Male,158-727-3965,1,18827,3677,1988,118,516,201,3
146,Cornell,Hathway,chathway41@reuters.com,Male,326-984-7346,2,22039,8384,34792,42,12591,4430,3
147,Penny,Ast,past42@sciencedirect.com,Male,264-231-5843,1,7769,1936,2177,926,73,520,3
148,Farrell,Lechelle,flechelle43@intel.com,Male,756-219-4210,1,9203,3373,2707,1286,1082,526,3
149,Lorine,Vedstra,lvedstra44@merriam-webster.com,Female,457-552-8635,1,5924,584,542,4052,283,434,3
150,Cecilio,Ellice,cellice45@sbwire.com,Male,311-390-5823,1,31812,1433,1651,800,113,1440,3
151,Goldi,Adamkiewicz,gadamkiewicz46@msu.edu,Female,547-238-4625,1,16225,1825,1765,853,170,1067,3
152,Carney,Huett,chuett47@moonfruit.com,Male,939-209-3454,1,1289,3328,2022,531,255,1774,3
153,Tristam,Carberry,tcarberry48@deliciousdays.com,Male,562-651-0785,1,18840,1371,3135,3001,352,184,3
154,Bart,Kiraly,bkiraly49@guardian.co.uk,Male,674-330-2474,1,3463,9250,2368,779,302,1627,3
155,Marve,Blunsom,mblunsom4a@discuz.net,Male,579-657-2533,1,622,55,137,75,7,8,3
156,Magdalen,Teffrey,mteffrey4b@unc.edu,Female,417-757-7366,2,1989,10690,19460,233,11577,2153,3
157,Karola,Alekseicik,kalekseicik4c@answers.com,Female,858-616-4009,2,3830,5291,14855,317,6694,3182,3
158,Caryl,Bater,cbater4d@mit.edu,Female,652-517-9233,1,17773,1366,2474,3378,811,418,3
159,Karoly,Craigie,kcraigie4e@dyndns.org,Female,791-114-7834,2,2861,6570,9618,930,4004,1682,3
160,Amara,Poate,apoate4f@technorati.com,Female,434-775-0507,2,355,7704,14682,398,8077,303,3
161,Kay,Leithgoe,kleithgoe4g@sciencedaily.com,Female,167-330-8042,2,1725,3651,12822,824,4424,2157,3
162,Candice,Elis,celis4h@smugmug.com,Female,540-530-4735,1,12434,540,283,1092,3,2233,3
163,Saundra,Airdrie,sairdrie4i@blog.com,Male,619-113-2683,1,15177,2024,3810,2665,232,610,3
164,Klement,Cail,kcail4j@biglobe.ne.jp,Male,109-914-4751,2,5531,15726,26870,2367,13726,446,3
165,Lindsey,Loud,lloud4k@hhs.gov,Male,335-740-6553,2,5224,7603,8584,2540,3674,238,3
166,Sarene,Lindenboim,slindenboim4l@networksolutions.com,Female,760-184-8528,2,15615,12653,19858,4425,7108,2379,3
167,Ogden,Tole,otole4m@goo.ne.jp,Male,465-654-7065,2,4822,6721,9170,993,4973,3637,3
168,Nancey,Campanelle,ncampanelle4n@ftc.gov,Genderfluid,949-358-3509,1,2926,3195,3268,405,1680,693,3
169,Seana,Doers,sdoers4o@so-net.ne.jp,Female,566-969-1096,1,5809,735,803,1393,79,429,3
170,Bron,Brighty,bbrighty4p@amazon.co.jp,Male,678-436-9278,1,5414,717,2155,2399,69,750,3
171,Skell,Glede,sglede4q@over-blog.com,Male,803-757-7898,2,260,8675,13430,1116,7015,323,3
172,Farica,Widdows,fwiddows4r@scribd.com,Female,884-840-5062,2,200,25862,19816,651,8773,6250,3
173,Cristina,Seys,cseys4s@homestead.com,Female,592-420-7016,1,955,5479,6536,333,2840,707,3
174,Andrey,Rohlfs,arohlfs4t@google.co.jp,Male,237-213-1639,2,514,7677,19805,937,9836,716,3
175,Kati,Outhwaite,kouthwaite4u@walmart.com,Female,886-284-4081,1,286,1208,5241,2515,153,1442,3
176,Timi,Mushet,tmushet4v@360.cn,Female,605-957-0569,2,2343,7845,11874,52,4196,1697,3
177,Trip,Tulloch,ttulloch4w@t.co,Male,103-177-3951,1,45640,6958,6536,7368,1532,230,3
178,Cristionna,Ryde,cryde4x@who.int,Female,587-620-8915,1,12759,7330,4533,1752,20,2631,3
179,Chelsae,McCutheon,cmccutheon4y@gmpg.org,Female,267-976-9085,1,11002,7075,4945,1152,120,395,3
180,Francisco,Allabarton,fallabarton4z@house.gov,Male,675-758-8887,1,3157,4888,2500,4477,273,2165,3
181,Delora,Hutchison,dhutchison50@wisc.edu,Female,252-828-6940,1,12356,6036,8887,402,1382,2794,3
182,Shae,Hambridge,shambridge51@vimeo.com,Male,693-614-8380,1,112151,29627,18148,16745,4948,8550,3
183,Stephen,Noen,snoen52@cocolog-nifty.com,Male,211-374-2715,1,694,8533,10518,443,6907,156,3
184,Rudie,Wash,rwash53@de.vu,Male,212-417-3468,1,36847,43950,20170,36534,239,47943,3
185,Gayla,Thorndycraft,gthorndycraft54@youtu.be,Female,112-387-4129,1,327,918,4710,74,334,11,3
186,Zackariah,Whapple,zwhapple55@army.mil,Male,191-583-2666,1,8170,6448,1139,2181,58,247,3
187,Efrem,Stirley,estirley56@dailymotion.com,Male,475-486-5023,1,3009,521,854,3470,949,727,3
188,Kristien,Efford,kefford57@angelfire.com,Agender,445-647-5305,1,2438,8002,9819,6269,3459,3,3
189,Barbara,Osman,bosman58@cbsnews.com,Female,810-451-9679,2,8040,7639,11687,2758,6839,404,3
190,Paddie,Jantet,pjantet59@slashdot.org,Non-binary,786-565-1654,2,834,11577,11522,275,4027,1856,3
191,Iggie,Edwinson,iedwinson5a@prnewswire.com,Male,268-280-1866,1,16936,6250,1981,7332,118,64,3
192,Albina,Sieghart,asieghart5b@latimes.com,Female,532-705-4010,1,13624,295,1381,890,43,84,3
193,Wye,Recher,wrecher5c@tumblr.com,Male,622-705-0610,1,5509,1461,2251,547,187,409,3
194,Stephie,Fatharly,sfatharly5d@tripadvisor.com,Female,907-457-5840,2,180,3485,20292,959,5618,666,3
195,Leelah,Samarth,lsamarth5e@pbs.org,Female,674-740-3453,1,7107,1012,2974,806,355,1142,3
196,Jacqui,Kennifick,jkennifick5f@disqus.com,Female,651-458-8247,1,17023,5139,5230,7888,330,1755,3
197,Malena,Cran,mcran5g@list-manage.com,Female,216-146-5906,1,30624,7209,4897,18711,763,2876,1
198,Pancho,Miell,pmiell5h@omniture.com,Male,773-302-6758,2,2427,7097,10391,1127,4314,1468,1
199,Rollin,Saph,rsaph5i@pinterest.com,Male,269-699-7719,1,11686,2154,6824,3527,592,697,1
200,Leonidas,MacCaull,lmaccaull5j@intel.com,Male,138-825-6980,1,9670,2280,2112,520,402,347,1
201,Payton,Inkpen,pinkpen5k@gravatar.com,Male,874-418-5731,2,3067,13240,23127,3941,9959,731,1
202,Marylynne,Barhem,mbarhem5l@seesaa.net,Female,435-898-8295,2,4484,14399,24708,3549,14235,1681,1
203,Tobe,Knottley,tknottley5m@1688.com,Female,264-313-4524,1,25203,11487,9490,5065,284,6854,1
204,Constantine,Aistrop,caistrop5n@hexun.com,Female,193-431-6351,1,583,685,2216,469,954,18,1
205,Hillery,Akeherst,hakeherst5o@nymag.com,Male,996-431-5824,1,1956,891,5226,1383,5,1328,1
206,Rosalia,Tegler,rtegler5p@sphinn.com,Female,369-699-5363,2,1107,11711,23596,955,9265,710,1
207,Hamilton,Lovelock,hlovelock5q@naver.com,Male,662-682-2159,1,6373,780,950,878,288,285,1
208,Trista,Elesander,telesander5r@nyu.edu,Female,676-728-3810,2,2541,4737,6089,2946,5316,120,1
209,Alvie,Guillerman,aguillerman5s@nyu.edu,Male,877-344-3151,1,1537,3748,5838,1859,3381,806,1
210,Yehudi,Desorts,ydesorts5t@adobe.com,Male,504-284-2043,2,5550,12729,16767,864,12420,797,1
211,Hagen,Gummary,hgummary5u@yahoo.com,Male,797-280-3680,1,18567,1895,1393,1801,244,2100,1
212,Torry,Harniman,tharniman5v@moonfruit.com,Bigender,780-325-0671,2,12119,28326,39694,4736,19410,2870,1
213,Jaine,Hulle,jhulle5w@pen.io,Female,601-244-8976,1,7291,1012,2062,1291,240,1775,1
214,Thomasin,Benet,tbenet5x@uol.com.br,Female,864-910-2686,1,3317,6602,6861,1329,3961,1215,1
215,Adi,Trolley,atrolley5y@taobao.com,Female,724-522-9571,2,2362,6551,11364,913,5957,791,1
216,Georgianne,MacAlees,gmacalees5z@ucsd.edu,Female,986-767-9786,1,2806,10765,15538,1374,5828,2388,1
217,Aimil,Bru,abru60@g.co,Female,748-353-6789,2,2532,16599,36486,179,13308,674,1
218,Alberto,Haglington,ahaglington61@bravesites.com,Male,932-538-2846,1,18044,1475,2046,2532,130,1158,1
219,Pennie,Maberley,pmaberley62@multiply.com,Male,209-266-1802,2,18,7504,15205,1285,4797,6372,1
220,Muffin,Stirley,mstirley63@goodreads.com,Female,989-626-7849,1,4155,367,1390,2306,86,130,1
221,Ulysses,MacParlan,umacparlan64@imdb.com,Male,513-431-8214,1,14755,899,1382,1765,56,749,1
222,Bondon,Lucas,blucas65@friendfeed.com,Male,947-712-7710,1,5396,7503,10646,91,4167,239,1
223,Royall,Cranidge,rcranidge66@uiuc.edu,Male,617-652-0190,1,5041,1115,2856,7496,256,375,1
224,Penrod,Avieson,pavieson67@bizjournals.com,Male,726-911-0412,2,2790,2527,5265,5612,788,1360,1
225,Mariette,Parsley,mparsley68@independent.co.uk,Female,268-788-8577,1,7274,659,1499,784,70,659,1
226,Meade,Buckenhill,mbuckenhill69@jimdo.com,Male,323-298-2876,1,12680,3243,4157,660,761,786,1
227,Tandie,Ffrench,tffrench6a@artisteer.com,Female,458-590-4341,2,20782,5921,9212,1759,2568,1553,1
228,Ezequiel,Fassbender,efassbender6b@gizmodo.com,Male,831-851-6895,1,4042,2204,1563,2286,263,689,1
229,Selle,Guest,sguest6c@blog.com,Female,417-413-6982,1,1869,577,572,950,4762,203,1
230,Vivyan,Storah,vstorah6d@drupal.org,Female,149-938-3533,1,8656,2746,2501,6845,694,980,1
231,Ellwood,Di Pietro,edipietro6e@amazon.co.uk,Male,863-320-2512,2,11072,5989,5615,8321,955,2137,1
232,Leone,Guislin,lguislin6f@redcross.org,Female,831-925-8334,1,2344,10678,3828,1439,1566,490,1
233,Raf,Denness,rdenness6g@e-recht24.de,Female,294-373-6368,1,25962,1780,3838,638,284,834,1
234,Homerus,Crosoer,hcrosoer6h@harvard.edu,Polygender,814-623-0476,1,964,4984,3316,937,409,7,1
235,Orsola,Stygall,ostygall6i@blogger.com,Female,919-511-8306,1,15603,2703,3833,4260,325,2563,1
236,Bobinette,Miguet,bmiguet6j@t.co,Non-binary,330-503-8974,1,1838,6380,2824,1218,1216,295,1
237,Candida,Miklem,cmiklem6k@nydailynews.com,Female,809-263-0233,1,8635,820,3047,2312,415,225,1
238,Oswald,Stilgoe,ostilgoe6l@posterous.com,Male,111-516-8660,1,18692,3838,593,4634,28,1215,1
239,Dudley,Jendrach,djendrach6m@deliciousdays.com,Male,955-836-9337,1,7363,475,585,1112,72,216,1
240,Sheena,Avrasin,savrasin6n@ycombinator.com,Female,222-687-7709,1,47493,2567,3779,5243,828,2253,1
241,Pascal,Llewhellin,pllewhellin6o@zimbio.com,Male,972-252-4560,1,22096,3575,7041,11422,343,2564,1
242,Rachelle,Heathcote,rheathcote6p@myspace.com,Female,391-940-4336,1,24929,1801,2475,2216,412,1047,1
243,Denys,Monelli,dmonelli6q@multiply.com,Male,530-192-7101,1,18226,659,2914,3752,586,578,1
244,Derrek,Pfeifer,dpfeifer6r@soundcloud.com,Male,350-904-3185,1,11210,3576,5119,561,1682,2398,1
245,Kris,Files,kfiles6s@marriott.com,Male,225-158-8206,1,6202,7775,10817,1183,3143,1970,1
246,Ora,Giorgietto,ogiorgietto6t@goo.ne.jp,Female,227-980-0782,2,3062,6154,13916,230,8933,2784,1
247,Radcliffe,Derr,rderr6u@drupal.org,Male,724-544-0598,1,8885,2428,1777,1777,430,610,1
248,Rodrigo,Wyvill,rwyvill6v@google.it,Male,500-758-8789,1,13569,346,489,2077,44,659,1
249,Georgetta,Feltham,gfeltham6w@com.com,Female,481-777-5420,1,15671,5279,2406,559,562,572,1
250,Layne,Mullaney,lmullaney6x@hp.com,Female,644-956-5024,1,8040,3795,2070,6340,918,291,1
251,Analiese,Causon,acauson6y@epa.gov,Female,902-735-7291,1,3191,1993,1799,1730,234,710,1
252,Agnese,Peatman,apeatman6z@mediafire.com,Non-binary,992-337-5791,2,6134,23133,33586,6746,18594,5121,1
253,Ricky,Aburrow,raburrow70@gizmodo.com,Female,518-384-2352,1,6623,1860,4740,7683,205,1693,1
254,Rudyard,Jojic,rjojic71@sun.com,Male,677-848-1710,1,29526,7961,16966,432,363,1391,1
255,Lyndell,Bremond,lbremond72@comcast.net,Polygender,984-643-6865,1,10379,17972,4748,4686,1547,3265,1
256,Hobard,Eitter,heitter73@xinhuanet.com,Male,837-129-2818,1,31614,489,1495,3242,111,615,1
257,Caz,Braganca,cbraganca74@narod.ru,Male,912-625-9725,1,11092,5008,5249,453,392,373,1
258,Isaac,Godsafe,igodsafe75@weebly.com,Male,381-512-8407,1,8475,1931,1883,5004,3593,987,1
259,Inger,Riggott,iriggott76@wired.com,Male,583-407-3890,1,56083,4563,2124,6422,730,3321,1
260,Blithe,Pairpoint,bpairpoint77@cam.ac.uk,Female,481-292-6044,1,53205,4959,7336,3012,967,818,1
261,Amerigo,Speller,aspeller78@buzzfeed.com,Male,755-999-5450,1,9193,4885,2157,327,780,548,1
262,Konrad,Willoughley,kwilloughley79@engadget.com,Male,860-478-4359,1,7858,1110,1094,6818,49,287,1
263,Jud,Gave,jgave7a@wordpress.org,Male,977-910-8686,1,23257,1372,1677,982,429,655,1
264,Ellsworth,Barhems,ebarhems7b@blogger.com,Male,410-564-8600,1,2153,1115,6684,4324,2894,411,1
265,Kermie,Emptage,kemptage7c@time.com,Male,304-485-3714,2,1073,9679,15445,61,5980,1265,1
266,Moishe,Oxbrow,moxbrow7d@admin.ch,Male,220-914-3557,1,5909,23527,13699,10155,830,3636,1
267,Clareta,Trunchion,ctrunchion7e@live.com,Female,312-234-7343,2,572,9763,22182,2221,4882,2563,1
268,Angil,Rydings,arydings7f@theguardian.com,Female,530-365-5091,1,20893,1222,2576,3975,737,3628,1
269,Reggy,Opdenort,ropdenort7g@histats.com,Male,674-206-5522,2,11908,8053,19847,1069,6374,698,1
270,Clair,Durant,cdurant7h@wikispaces.com,Male,825-758-8098,1,15218,258,1138,2516,333,204,1
271,Zacharia,Bisacre,zbisacre7i@businessweek.com,Male,748-749-8108,1,4720,1032,975,5500,197,56,1
272,Honoria,De Vaan,hdevaan7j@taobao.com,Genderqueer,788-472-4503,1,2083,5007,1563,1120,147,1550,1
273,Minor,Walesby,mwalesby7k@unicef.org,Genderfluid,361-938-1912,1,514,8323,6869,529,93,1040,1
274,Phylis,Bool,pbool7l@elpais.com,Female,613-826-6280,1,36817,3045,1493,4802,210,1824,3
275,Stevy,Minshall,sminshall7m@mashable.com,Male,229-504-6435,1,894,1703,1841,744,759,1153,3
276,Cully,Hanbury,chanbury7n@japanpost.jp,Male,439-709-1556,1,680,1610,223,862,96,379,3
277,Magdalena,Whorlton,mwhorlton7o@aboutads.info,Polygender,734-186-7162,1,27901,3749,6964,4479,603,2503,3
278,Dore,Manicomb,dmanicomb7p@comsenz.com,Male,527-163-5446,1,9061,829,683,16919,621,139,3
279,Nicky,Coton,ncoton7q@nature.com,Female,368-432-9463,1,11693,2317,2543,5845,274,1409,3
280,Moselle,Bartolomeo,mbartolomeo7r@typepad.com,Female,192-911-1760,2,17360,6200,9694,1293,3620,1721,3
281,Whit,Sautter,wsautter7s@histats.com,Male,718-795-1410,1,3366,2884,2431,977,167,1104,3
282,Zia,Aronov,zaronov7t@umn.edu,Female,618-611-8494,2,12238,7108,6235,1093,2328,2079,3
283,Shane,Giraudeau,sgiraudeau7u@addtoany.com,Male,962-703-1270,1,49063,3965,4252,5970,1041,1404,3
284,Lotty,Dongall,ldongall7v@techcrunch.com,Female,180-343-8401,1,25767,3613,2013,10303,314,1384,3
285,Drusie,Dinsale,ddinsale7w@netlog.com,Female,645-184-9986,1,68951,4411,12609,8692,751,2406,3
286,Arlen,Cadney,acadney7x@columbia.edu,Male,248-864-7567,1,40254,640,3600,1042,436,18,3
287,Nanny,Tunaclift,ntunaclift7y@reference.com,Female,647-600-2771,1,7149,2247,1242,1619,1226,128,3
288,Thaxter,Bartalin,tbartalin7z@abc.net.au,Male,226-439-4796,1,15354,2102,2828,8366,386,1027,3
289,Jacquelin,Cadle,jcadle80@lulu.com,Female,713-503-3258,1,16260,594,1296,848,445,258,3
290,Joan,Orhtmann,jorhtmann81@google.co.uk,Female,454-173-9452,1,42786,286,471,1388,32,22,3
291,Loren,Houlson,lhoulson82@boston.com,Female,758-326-9563,1,2708,2160,2642,502,965,1522,3
292,Dorey,Haywood,dhaywood83@ebay.com,Male,498-448-4146,1,6022,3354,3261,2507,212,686,3
293,Isidro,Moulding,imoulding84@vistaprint.com,Male,360-191-2918,1,2838,3086,4329,3838,825,1060,3
294,Kaia,Advani,kadvani85@behance.net,Agender,542-627-4985,2,3996,11103,12469,902,5952,741,2
295,Tawnya,Deshorts,tdeshorts86@bigcartel.com,Female,311-918-7859,1,21273,2013,6550,909,811,1854,2
296,Grantley,Nucator,gnucator87@irs.gov,Male,444-465-1108,2,7588,1897,5234,417,2208,254,2
297,Bendix,Wilkes,bwilkes88@histats.com,Male,837-912-0064,1,19087,1304,3643,3045,710,898,2
298,Filmore,Ciobotaro,fciobotaro89@hostgator.com,Male,429-922-7397,2,8090,3199,6986,1455,3712,531,2
299,Alena,Albers,aalbers8a@indiegogo.com,Female,149-972-2097,2,6758,4560,9965,934,4538,1037,2
300,Neala,Hatherell,nhatherell8b@goodreads.com,Female,152-140-8197,1,444,879,2060,264,290,259,2
301,Mayer,Lippitt,mlippitt8c@prlog.org,Male,678-146-0143,2,16448,6243,6360,824,2662,2005,2
302,Brittni,Walby,bwalby8d@wikia.com,Female,525-329-3452,2,5283,13316,20399,1809,8752,172,2
303,Annie,Doble,adoble8e@twitter.com,Female,375-718-8445,2,2886,5302,9785,364,6236,555,2
304,Dedie,Christofides,dchristofides8f@ehow.com,Female,485-793-9303,2,2599,3688,13829,492,10069,59,2
305,Alta,Druhan,adruhan8g@arizona.edu,Female,907-180-6949,2,161,7460,24773,617,11783,2410,2
306,Daphene,Balogun,dbalogun8h@example.com,Female,431-299-7957,2,243,12939,8852,799,3909,211,2
307,Brnaba,Meaking,bmeaking8i@wordpress.com,Male,694-911-4668,2,6468,12867,21570,1840,7558,1543,2
308,Ailey,O'Kieran,aokieran8j@columbia.edu,Female,454-991-0877,1,17327,2374,2842,1149,351,925,2
309,Timi,Pittel,tpittel8k@topsy.com,Female,142-684-8847,1,6987,1020,3007,416,257,656,2
310,Thebault,Wimpenny,twimpenny8l@stumbleupon.com,Male,943-287-5208,2,918,20655,13567,1465,6846,806,2
311,Germaine,Shaughnessy,gshaughnessy8m@tiny.cc,Male,506-372-9893,1,7034,1492,2405,12569,299,1117,2
312,Elvira,Haggidon,ehaggidon8n@bing.com,Female,900-742-1926,1,29635,2335,8280,3046,371,117,2
313,Timothea,Shakesby,tshakesby8o@cargocollective.com,Female,588-916-8779,2,2137,3737,19172,1274,17120,142,2
314,Kori,Lunbech,klunbech8p@thetimes.co.uk,Female,383-784-8599,1,9784,925,2405,4447,183,297,2
315,Wini,Heynen,wheynen8q@is.gd,Female,704-875-8343,1,10617,1795,7647,1483,857,1233,2
316,Deina,Boreham,dboreham8r@miitbeian.gov.cn,Female,794-549-4933,2,1479,14982,11924,662,3891,3508,2
317,Nikos,Rumsey,nrumsey8s@google.co.jp,Male,742-261-5917,1,7127,1375,2201,2679,83,1059,2
318,Ceciley,Jori,cjori8t@uol.com.br,Female,422-361-5596,1,1182,3088,6114,978,821,1637,2
319,Lauritz,Velti,lvelti8u@comsenz.com,Male,326-262-8763,1,11800,2713,3558,2121,706,51,2
320,Sargent,Parsons,sparsons8v@slashdot.org,Male,148-404-3053,2,9759,25071,17645,1128,12408,1625,2
321,Stormi,Clinton,sclinton8w@tinyurl.com,Female,352-503-4463,1,1774,3696,2280,514,275,834,2
322,Vidovic,Kilgrove,vkilgrove8x@hhs.gov,Male,324-378-7327,1,9155,1897,5167,2714,228,1113,2
323,Fredek,Normanvell,fnormanvell8y@adobe.com,Male,101-497-2245,1,15881,713,3315,3703,1470,229,2
324,Charis,Batho,cbatho8z@ameblo.jp,Female,504-487-4738,1,13360,944,11593,915,1679,573,2
325,Alfie,Thrower,athrower90@i2i.jp,Female,907-599-6072,1,25977,3587,2464,2369,140,1092,2
326,Amelina,Arber,aarber91@meetup.com,Female,272-399-8781,1,32717,16784,13626,60869,1272,5609,2
327,Nelle,Smead,nsmead92@hugedomains.com,Female,553-622-2872,1,4414,1610,1431,3498,387,834,2
328,Jewel,Culley,jculley93@weebly.com,Female,719-101-2395,1,542,899,1664,414,88,522,2
329,Sonny,Albon,salbon94@msn.com,Female,215-218-4111,1,16933,2209,3389,7849,210,1534,2
330,Rutherford,Radclyffe,rradclyffe95@surveymonkey.com,Male,569-228-5095,1,5113,1486,4583,5127,492,739,2
331,Joletta,Iredell,jiredell96@ucoz.com,Female,338-723-9612,1,9790,1786,5109,3570,182,1043,2
332,Silvester,Sporton,ssporton97@statcounter.com,Male,165-252-3409,2,11223,14881,26839,1234,9606,1102,2
333,Amargo,Gosford,agosford98@usatoday.com,Female,476-661-4428,1,22321,3216,1447,2208,178,2602,2
334,Tonye,Gracey,tgracey99@businesswire.com,Female,419-297-1139,2,8565,4980,67298,131,38102,1215,2
335,Davidde,Grigoli,dgrigoli9a@over-blog.com,Male,293-391-3533,2,16823,928,2743,11559,332,3486,2
336,Val,Glanert,vglanert9b@plala.or.jp,Male,901-820-8934,2,27082,6817,10790,1365,4111,2139,2
337,Adolpho,Andrews,aandrews9c@wikia.com,Male,483-943-7771,1,13970,1511,1330,650,146,778,2
338,Felicio,Lightbody,flightbody9d@gov.uk,Male,982-528-9574,1,9351,1347,2611,8170,442,868,2
339,Bonita,Morshead,bmorshead9e@soup.io,Female,966-314-1412,1,3,333,7021,15601,15,550,2
340,Johnny,Glanester,jglanester9f@sun.com,Male,527-491-6339,1,2617,1188,5332,9584,573,1942,2
341,Trever,Caisley,tcaisley9g@businessinsider.com,Male,228-225-8360,2,381,4025,9670,388,7271,1371,3
342,Domingo,Beckenham,dbeckenham9h@macromedia.com,Male,138-614-6035,2,2320,5763,11238,767,5162,2158,3
343,Patience,Arguile,parguile9i@multiply.com,Female,806-851-9998,1,255,5758,5923,349,4595,1328,3
344,Drake,Wardingly,dwardingly9j@loc.gov,Male,780-206-7932,2,1689,6964,26316,1456,15469,37,3
345,Raleigh,Sarah,rsarah9k@washington.edu,Male,443-284-9740,1,3043,1172,1763,2234,217,379,3
346,Mikkel,Mc Giffin,mmcgiffin9l@123-reg.co.uk,Male,818-931-3038,1,1198,2602,8335,402,3843,303,3
347,Moshe,Beams,mbeams9m@theatlantic.com,Male,601-821-5551,2,2771,6939,15541,2693,6600,1115,3
348,Margy,Pennoni,mpennoni9n@google.de,Female,464-180-3434,2,27380,7184,12311,2809,4621,1022,3
349,Spencer,Wittman,swittman9o@google.cn,Male,627-896-2240,1,3428,2380,2028,1341,1184,665,3
350,Horton,Haswall,hhaswall9p@flickr.com,Male,122-928-5484,2,5981,14641,20521,2005,12218,445,3
351,Cele,Balderson,cbalderson9q@goo.gl,Female,411-273-7559,1,3521,1099,1997,1796,173,995,3
352,Forrester,Shuard,fshuard9r@nps.gov,Male,118-376-4234,2,1210,10044,22294,1741,12638,3137,3
353,Evy,Hendrich,ehendrich9s@archive.org,Female,418-167-8645,1,608,1106,1533,830,90,195,3
354,Zechariah,McComish,zmccomish9t@webs.com,Male,200-784-1137,2,117,6264,21203,228,8682,1111,3
355,Cordey,Olivella,colivella9u@epa.gov,Female,274-637-8769,1,14039,7393,2548,6386,1333,2341,3
356,Ilyse,Loxston,iloxston9v@vistaprint.com,Bigender,862-751-3353,1,190,727,2012,245,184,127,3
357,Krissy,Bushell,kbushell9w@addtoany.com,Female,568-969-9755,1,22686,134,218,3157,9,548,3
358,Mayor,Blampy,mblampy9x@mail.ru,Male,757-754-2137,2,37,1275,22272,137,6747,110,3
359,Christian,Almeida,calmeida9y@unc.edu,Female,915-231-1861,1,759,18664,1660,6114,536,4100,3
360,D'arcy,Mathe,dmathe9z@tamu.edu,Male,331-570-0142,1,796,5878,2109,340,232,776,3
361,Ree,Grishagin,rgrishagina0@google.cn,Female,694-920-9326,1,19746,2872,2006,2601,468,503,3
362,Sandye,Parris,sparrisa1@thetimes.co.uk,Female,891-743-1671,1,4734,607,864,1206,159,405,3
363,Torr,Bollis,tbollisa2@adobe.com,Male,932-224-7063,1,2121,1601,2453,560,179,712,3
364,Heath,Mahood,hmahooda3@microsoft.com,Female,865-965-4711,1,4627,997,4438,191,1335,314,3
365,Ange,Southerns,asouthernsa4@google.com.au,Genderqueer,481-863-6848,1,2615,873,1524,1103,514,468,3
366,Carlo,Wayper,cwaypera5@indiegogo.com,Male,908-513-7723,2,4692,6128,8025,1619,4515,3105,3
367,Erhart,Ruthen,eruthena6@latimes.com,Male,954-448-5952,1,9561,2217,1664,1173,222,447,3
368,Tricia,Lait,tlaita7@meetup.com,Female,983-851-9503,1,3477,894,534,1457,252,342,3
369,Oliviero,Wensley,owensleya8@wsj.com,Male,472-161-1043,1,22335,1196,2406,2046,101,558,3
370,Cad,Esherwood,cesherwooda9@webnode.com,Male,255-268-2358,1,6211,337,683,1089,41,296,3
371,Elisa,Ridder,eridderaa@un.org,Female,629-602-2647,2,39679,3944,4955,1364,523,2235,3
372,Alard,McCrackem,amccrackemab@businessweek.com,Male,527-506-2642,1,20105,1887,1939,8164,716,790,3
373,Allan,Benford,abenfordac@stumbleupon.com,Male,996-726-5326,1,3884,3801,1641,876,397,4829,3
374,Demetre,Dysert,ddysertad@gov.uk,Male,739-251-6940,2,15076,6257,7398,1504,1916,3113,3
375,Mischa,Danilchev,mdanilchevae@hao123.com,Male,716-647-9499,1,6338,2256,1668,1492,311,686,3
376,Oliy,Blaker,oblakeraf@4shared.com,Female,571-621-7176,1,5841,1450,1162,597,476,70,3
377,Archambault,Rookledge,arookledgeag@guardian.co.uk,Male,417-680-1762,2,3136,8630,13586,5641,4666,1426,3
378,Harriet,Lantiff,hlantiffah@facebook.com,Female,498-733-0411,1,38793,3154,2648,1034,96,1242,3
379,Garner,Davidovic,gdavidovicai@intel.com,Male,736-575-0712,1,3225,3294,1902,282,68,1114,3
380,Ximenez,Colbourne,xcolbourneaj@purevolume.com,Male,967-906-2508,2,4048,5164,10391,130,813,179,3
381,Elyssa,Fettiplace,efettiplaceak@dmoz.org,Female,308-318-3782,1,28257,944,2146,3881,600,270,3
382,Mack,Trevon,mtrevonal@liveinternet.ru,Male,897-501-7442,1,17770,4591,1617,9927,246,532,3
383,Nisse,Blincko,nblinckoam@geocities.jp,Female,657-771-4248,1,34454,7435,8469,2540,1711,2893,3
384,Brendon,Worsfold,bworsfoldan@nhs.uk,Male,926-791-6303,1,1821,1364,3450,4006,397,361,3
385,Andris,Pulford,apulfordao@last.fm,Polygender,608-837-4727,1,10683,21858,15400,3635,282,5120,3
386,Jorrie,Sail,jsailap@nasa.gov,Female,766-809-9186,1,11635,922,1614,2583,192,1068,3
387,Parsifal,McKeand,pmckeandaq@sfgate.com,Male,136-841-1297,1,1206,3620,2857,1945,353,967,3
388,Aubree,Mepham,amephamar@php.net,Female,365-159-2288,1,20918,1916,1573,1960,231,961,3
389,Antonius,Gaskill,agaskillas@ftc.gov,Male,972-257-0989,1,9785,848,1172,1677,200,406,3
390,Madelyn,Montgomery,mmontgomeryat@tripadvisor.com,Female,993-493-3113,1,9385,1530,1422,3019,227,684,3
391,Derrek,Ferne,dferneau@cornell.edu,Genderqueer,892-432-5060,1,3352,1181,1328,5502,311,1000,3
392,Kennedy,Odda,koddaav@e-recht24.de,Bigender,310-239-8611,1,2647,2761,2313,907,95,1827,3
393,Juditha,Danilchev,jdanilchevaw@t.co,Female,311-625-4996,1,518,4180,3600,659,122,654,3
394,Briant,Braizier,bbraizierax@sun.com,Male,152-463-3271,1,23632,6730,3842,8620,385,819,3
395,Wash,Coldbathe,wcoldbatheay@wiley.com,Non-binary,657-604-2299,1,12377,865,3204,1398,149,452,3
396,Winifield,Rumsby,wrumsbyaz@baidu.com,Agender,877-641-0250,1,9602,1316,1263,2921,841,290,3
397,Stepha,Spittle,sspittleb0@techcrunch.com,Genderfluid,269-451-6057,2,4515,11991,9345,2644,3378,2213,3
398,Efrem,Dominique,edominiqueb1@sphinn.com,Male,389-266-1891,1,11535,1666,1428,6838,64,743,3
399,Joyann,Fulleylove,jfulleyloveb2@aboutads.info,Female,676-331-2565,1,11442,1032,582,5390,74,247,3
400,Shamus,Roomes,sroomesb3@csmonitor.com,Male,532-157-0226,1,9612,577,935,1601,469,375,3
401,Dewey,Cock,dcockb4@miitbeian.gov.cn,Male,916-123-4633,1,4446,906,1238,3576,153,1014,3
402,Eugenius,Preston,eprestonb5@gmpg.org,Male,916-629-4748,1,27167,2801,2128,13223,92,1902,3
403,Rodolph,Bussell,rbussellb6@domainmarket.com,Male,511-294-1994,1,26539,4753,5091,220,10,340,3
404,Bear,Abrehart,babrehartb7@springer.com,Male,513-176-5361,1,25606,11006,4604,127,632,288,3
405,Gilbertine,Pipworth,gpipworthb8@issuu.com,Female,617-762-1067,1,18073,4613,3444,4324,914,715,3
406,Steven,Prydie,sprydieb9@goo.gl,Male,813-849-0220,1,6884,1046,1167,2069,593,378,3
407,Ninnette,Maskill,nmaskillba@infoseek.co.jp,Female,113-264-7306,1,25066,5010,5026,9806,1092,960,3
408,Domingo,Ofen,dofenbb@xrea.com,Male,885-960-8883,2,7362,12844,18683,2854,7883,553,3
409,Harland,Flatman,hflatmanbc@mlb.com,Male,151-964-4379,2,8257,3880,6407,1646,2730,344,3
410,Gusti,Tuft,gtuftbd@odnoklassniki.ru,Female,258-444-8589,1,8708,3634,6100,2349,2123,5137,3
411,Hadlee,Burbage,hburbagebe@github.io,Polygender,905-135-3415,1,6633,2096,4563,1389,1860,1892,3
412,Barbee,Le Port,bleportbf@fda.gov,Female,215-731-4302,1,2126,3289,3281,1535,235,4365,3
413,Peadar,Gotling,pgotlingbg@youtu.be,Male,446-102-8641,1,97,3605,12400,98,2970,62,3
414,Tris,Weblin,tweblinbh@npr.org,Non-binary,193-802-9687,1,4983,4859,6633,17866,912,2435,3
415,Kurt,Pedrazzi,kpedrazzibi@slashdot.org,Male,831-748-8427,1,5969,1990,3417,5679,1135,290,3
416,Tabbitha,Allman,tallmanbj@bloglovin.com,Female,111-612-6659,2,7842,6046,8552,1691,3540,1874,3
417,Norbie,Martyn,nmartynbk@bravesites.com,Bigender,198-259-1900,2,4389,10940,10908,848,6728,993,3
418,Vincenty,Simonassi,vsimonassibl@utexas.edu,Male,833-611-1242,1,5065,5499,11055,364,3485,1063,3
419,Janaye,Jendrich,jjendrichbm@jalbum.net,Female,104-385-4971,2,660,8494,18622,133,6740,776,3
420,Joana,Cool,jcoolbn@cbc.ca,Polygender,123-885-5237,1,8861,3783,2223,633,1580,1521,3
421,Mariejeanne,Dalla,mdallabo@canalblog.com,Female,836-445-8761,1,4456,5266,13227,25,6818,1393,3
422,Laurette,Lowde,llowdebp@whitehouse.gov,Female,979-769-4887,2,17063,4847,9053,1031,3415,1784,3
423,Shadow,Trenholm,strenholmbq@nationalgeographic.com,Male,950-323-0925,1,26400,1377,4172,830,948,1218,3
424,Beltran,Drieu,bdrieubr@t.co,Male,821-601-9438,2,17565,3686,4657,1059,1803,668,3
425,Jaquenetta,Cuxon,jcuxonbs@nytimes.com,Female,214-946-6665,2,16980,2884,12232,874,3213,249,3
426,Pip,Sieb,psiebbt@stumbleupon.com,Male,995-233-7309,1,11243,2408,2593,15348,108,1886,3
427,Yolande,Rysom,yrysombu@desdev.cn,Female,928-724-1374,1,13134,9347,14316,3141,5079,1894,3
428,Row,Linning,rlinningbv@uol.com.br,Female,364-899-6091,1,31012,16687,5429,15082,439,1163,3
429,Pearla,Brownsall,pbrownsallbw@shareasale.com,Female,251-891-1602,1,3047,5970,4910,2198,850,317,3
430,Stefa,McCormack,smccormackbx@mapy.cz,Female,575-808-9453,1,8607,1750,3580,47,84,2501,3
431,Dalli,Aldins,daldinsby@tuttocitta.it,Male,514-124-7443,1,3097,4230,16483,575,241,2080,3
432,Domini,Hiner,dhinerbz@amazon.co.uk,Female,888-802-9499,1,8533,5506,5160,13486,1377,1498,3
433,Madalyn,Beckford,mbeckfordc0@nydailynews.com,Female,844-383-1055,1,21117,1162,4754,269,1328,395,3
434,Prudence,Vaissiere,pvaissierec1@wsj.com,Female,863-813-0191,1,1982,3218,1493,1541,356,1449,3
435,Alain,Bartalini,abartalinic2@studiopress.com,Male,373-923-8060,1,16731,3922,7994,688,2371,838,3
436,Valery,Ternott,vternottc3@bandcamp.com,Female,238-620-6990,1,29703,12051,16027,13135,182,2204,3
437,Roxy,Forsyde,rforsydec4@nymag.com,Female,945-246-6828,1,39228,1431,764,4510,93,2346,3
438,Jess,Skrines,jskrinesc5@wikia.com,Genderfluid,936-756-5245,2,14531,15488,30243,437,14841,1867,3
439,Burke,Sallan,bsallanc6@wp.com,Male,680-783-4295,1,10290,1981,2232,1038,168,2125,3
440,Andrej,Nelligan,anelliganc7@icio.us,Male,771-910-7917,1,2787,1698,2510,65,477,52,3
